2026-09-28 07:50:17.189946+00,Client,ClientRead,idle,11
2026-09-28 07:50:17.189946+00,-,-,active,1
2026-09-28 07:50:27.470823+00,Client,ClientRead,idle,10
2026-09-28 07:50:27.470823+00,-,-,active,1
2026-09-28 07:50:27.470823+00,Client,ClientRead,idle in transaction,1
2026-09-28 07:50:37.771041+00,Client,ClientRead,idle,10
2026-09-28 07:50:37.771041+00,-,-,active,1
2026-09-28 07:50:37.771041+00,Client,ClientRead,idle in transaction,1
2026-09-28 07:50:48.01441+00,Client,ClientRead,idle,11
2026-09-28 07:50:48.01441+00,-,-,active,1
2026-09-28 07:50:58.292051+00,Client,ClientRead,idle,11
2026-09-28 07:50:58.292051+00,-,-,active,1
2026-09-28 07:51:08.550806+00,Client,ClientRead,idle,11
2026-09-28 07:51:08.550806+00,-,-,active,1
2026-09-28 07:51:18.785704+00,Client,ClientRead,idle,11
2026-09-28 07:51:18.785704+00,-,-,active,1
2026-09-28 07:51:29.002229+00,Client,ClientRead,idle,11
2026-09-28 07:51:29.002229+00,-,-,active,1
2026-09-28 07:51:39.217271+00,Client,ClientRead,idle,11
2026-09-28 07:51:39.217271+00,-,-,active,1
2026-09-28 07:51:49.559108+00,Client,ClientRead,idle,10
2026-09-28 07:51:49.559108+00,-,-,active,1
2026-09-28 07:51:49.559108+00,Client,ClientRead,idle in transaction,1
2026-09-28 07:51:59.879309+00,Client,ClientRead,idle,10
2026-09-28 07:51:59.879309+00,-,-,active,1
2026-09-28 07:51:59.879309+00,-,-,idle in transaction,1
2026-09-28 07:52:10.183133+00,Client,ClientRead,idle,10
2026-09-28 07:52:10.183133+00,-,-,active,2
2026-09-28 07:52:20.4806+00,Client,ClientRead,idle,10
2026-09-28 07:52:20.4806+00,-,-,active,1
2026-09-28 07:52:20.4806+00,Client,ClientRead,idle in transaction,1
2026-09-28 07:52:30.793226+00,Client,ClientRead,idle,11
2026-09-28 07:52:30.793226+00,-,-,active,1
2026-09-28 07:52:41.031896+00,Client,ClientRead,idle,10
2026-09-28 07:52:41.031896+00,-,-,active,1
2026-09-28 07:52:41.031896+00,-,-,idle in transaction,1
2026-09-28 07:52:51.294456+00,Client,ClientRead,idle,11
2026-09-28 07:52:51.294456+00,-,-,active,1
2026-09-28 07:53:02.012765+00,Client,ClientRead,idle,8
2026-09-28 07:53:02.012765+00,-,-,active,1
2026-09-28 07:53:02.012765+00,Client,ClientRead,idle in transaction,1
2026-09-28 07:53:02.012765+00,Lock,transactionid,active,1
2026-09-28 07:53:02.012765+00,Lock,tuple,active,1
2026-09-28 07:53:12.318543+00,Client,ClientRead,idle,11
2026-09-28 07:53:12.318543+00,-,-,active,1
2026-09-28 07:53:22.620987+00,Client,ClientRead,idle,10
2026-09-28 07:53:22.620987+00,-,-,active,1
2026-09-28 07:53:22.620987+00,-,-,idle in transaction,1
2026-09-28 07:53:32.885132+00,Client,ClientRead,idle,11
2026-09-28 07:53:32.885132+00,-,-,active,1
2026-09-28 07:53:43.17337+00,Client,ClientRead,idle,11
2026-09-28 07:53:43.17337+00,-,-,active,1
2026-09-28 07:53:53.438966+00,Client,ClientRead,idle,11
2026-09-28 07:53:53.438966+00,-,-,active,1
2026-09-28 07:54:03.714097+00,Client,ClientRead,idle,10
2026-09-28 07:54:03.714097+00,-,-,active,1
2026-09-28 07:54:03.714097+00,Client,ClientRead,idle in transaction,1
2026-09-28 07:54:14.048604+00,Client,ClientRead,idle,10
2026-09-28 07:54:14.048604+00,-,-,active,1
2026-09-28 07:54:14.048604+00,Client,ClientRead,idle in transaction,1
2026-09-28 07:54:24.327246+00,Client,ClientRead,idle,11
2026-09-28 07:54:24.327246+00,-,-,active,1
2026-09-28 07:54:34.631351+00,Client,ClientRead,idle,8
2026-09-28 07:54:34.631351+00,Client,ClientRead,idle in transaction,3
2026-09-28 07:54:34.631351+00,-,-,active,1
2026-09-28 07:54:44.887768+00,Client,ClientRead,idle,11
2026-09-28 07:54:44.887768+00,-,-,active,1
2026-09-28 07:54:55.093759+00,Client,ClientRead,idle,11
2026-09-28 07:54:55.093759+00,-,-,active,1
2026-09-28 07:55:05.343253+00,Client,ClientRead,idle,11
2026-09-28 07:55:05.343253+00,-,-,active,1
2026-09-28 07:55:15.552897+00,Client,ClientRead,idle,11
2026-09-28 07:55:15.552897+00,-,-,active,1
2026-09-28 07:55:25.838025+00,Client,ClientRead,idle,11
2026-09-28 07:55:25.838025+00,-,-,active,1
2026-09-28 07:55:36.06817+00,Client,ClientRead,idle,11
2026-09-28 07:55:36.06817+00,-,-,active,1
2026-09-28 07:55:46.295808+00,Client,ClientRead,idle,11
2026-09-28 07:55:46.295808+00,-,-,active,1
2026-09-28 07:55:56.543109+00,Client,ClientRead,idle,11
2026-09-28 07:55:56.543109+00,-,-,active,1
2026-09-28 07:56:06.773984+00,Client,ClientRead,idle,11
2026-09-28 07:56:06.773984+00,-,-,active,1
2026-09-28 07:56:17.046627+00,Client,ClientRead,idle,11
2026-09-28 07:56:17.046627+00,-,-,active,1
2026-09-28 07:56:27.372762+00,Client,ClientRead,idle,11
2026-09-28 07:56:27.372762+00,-,-,active,1
2026-09-28 07:56:37.81859+00,Client,ClientRead,idle,11
2026-09-28 07:56:37.81859+00,-,-,active,1
2026-09-28 07:56:48.04899+00,Client,ClientRead,idle,11
2026-09-28 07:56:48.04899+00,-,-,active,1
2026-09-28 07:56:58.286676+00,Client,ClientRead,idle,11
2026-09-28 07:56:58.286676+00,-,-,active,1
2026-09-28 07:57:08.529931+00,Client,ClientRead,idle,11
2026-09-28 07:57:08.529931+00,-,-,active,1
2026-09-28 07:57:18.794897+00,Client,ClientRead,idle,11
2026-09-28 07:57:18.794897+00,-,-,active,1
2026-09-28 07:57:29.018488+00,Client,ClientRead,idle,11
2026-09-28 07:57:29.018488+00,-,-,active,1
2026-09-28 07:57:39.293079+00,Client,ClientRead,idle,11
2026-09-28 07:57:39.293079+00,-,-,active,1
2026-09-28 07:57:49.506443+00,Client,ClientRead,idle,11
2026-09-28 07:57:49.506443+00,-,-,active,1
2026-09-28 07:57:59.733657+00,Client,ClientRead,idle,10
2026-09-28 07:57:59.733657+00,-,-,active,2
2026-09-28 07:57:59.733657+00,-,-,idle,1
2026-09-28 07:58:09.959482+00,Client,ClientRead,idle,11
2026-09-28 07:58:09.959482+00,-,-,active,1
2026-09-28 07:58:20.183838+00,Client,ClientRead,idle,11
2026-09-28 07:58:20.183838+00,-,-,active,1
2026-09-28 07:58:30.427355+00,Client,ClientRead,idle,11
2026-09-28 07:58:30.427355+00,-,-,active,1
2026-09-28 07:58:40.709242+00,Client,ClientRead,idle,11
2026-09-28 07:58:40.709242+00,-,-,active,1
2026-09-28 07:58:50.908683+00,Client,ClientRead,idle,11
2026-09-28 07:58:50.908683+00,-,-,active,1
2026-09-28 07:59:01.143271+00,Client,ClientRead,idle,11
2026-09-28 07:59:01.143271+00,-,-,active,1
2026-09-28 07:59:11.401141+00,Client,ClientRead,idle,11
2026-09-28 07:59:11.401141+00,-,-,active,1
2026-09-28 07:59:21.794832+00,Client,ClientRead,idle,11
2026-09-28 07:59:21.794832+00,-,-,active,1
2026-09-28 07:59:32.121307+00,Client,ClientRead,idle,11
2026-09-28 07:59:32.121307+00,-,-,active,1
2026-09-28 07:59:42.414356+00,Client,ClientRead,idle,11
2026-09-28 07:59:42.414356+00,-,-,active,1
2026-09-28 07:59:52.671952+00,Client,ClientRead,idle,11
2026-09-28 07:59:52.671952+00,-,-,active,1
2026-09-28 08:00:03.026023+00,Client,ClientRead,idle,11
2026-09-28 08:00:03.026023+00,-,-,active,1
2026-09-28 08:00:13.349238+00,Client,ClientRead,idle,11
2026-09-28 08:00:13.349238+00,-,-,active,1
2026-09-28 08:00:23.556948+00,Client,ClientRead,idle,11
2026-09-28 08:00:23.556948+00,-,-,active,1
2026-09-28 08:00:33.832053+00,Client,ClientRead,idle,11
2026-09-28 08:00:33.832053+00,-,-,active,1
2026-09-28 08:00:44.053971+00,Client,ClientRead,idle,11
2026-09-28 08:00:44.053971+00,-,-,active,1
2026-09-28 08:00:54.278443+00,Client,ClientRead,idle,11
2026-09-28 08:00:54.278443+00,-,-,active,1
2026-09-28 08:01:04.486706+00,Client,ClientRead,idle,11
2026-09-28 08:01:04.486706+00,-,-,active,1
2026-09-28 08:01:14.69531+00,Client,ClientRead,idle,11
2026-09-28 08:01:14.69531+00,-,-,active,1
2026-09-28 08:01:24.897241+00,Client,ClientRead,idle,11
2026-09-28 08:01:24.897241+00,-,-,active,1
2026-09-28 08:01:35.107883+00,Client,ClientRead,idle,11
2026-09-28 08:01:35.107883+00,-,-,active,1
2026-09-28 08:01:45.35094+00,Client,ClientRead,idle,11
2026-09-28 08:01:45.35094+00,-,-,active,1
2026-09-28 08:01:55.548494+00,Client,ClientRead,idle,11
2026-09-28 08:01:55.548494+00,-,-,active,1
2026-09-28 08:02:05.778637+00,Client,ClientRead,idle,11
2026-09-28 08:02:05.778637+00,-,-,active,1
2026-09-28 08:02:15.974917+00,Client,ClientRead,idle,11
2026-09-28 08:02:15.974917+00,-,-,active,1
2026-09-28 08:02:26.155603+00,Client,ClientRead,idle,11
2026-09-28 08:02:26.155603+00,-,-,active,1
2026-09-28 08:02:36.355117+00,Client,ClientRead,idle,11
2026-09-28 08:02:36.355117+00,-,-,active,1
2026-09-28 08:02:46.584602+00,Client,ClientRead,idle,11
2026-09-28 08:02:46.584602+00,-,-,active,1
2026-09-28 08:02:56.79224+00,Client,ClientRead,idle,11
2026-09-28 08:02:56.79224+00,-,-,active,1
2026-09-28 08:03:06.987113+00,Client,ClientRead,idle,11
2026-09-28 08:03:06.987113+00,-,-,active,1
2026-09-28 08:03:17.208989+00,Client,ClientRead,idle,11
2026-09-28 08:03:17.208989+00,-,-,active,1
2026-09-28 08:03:27.389353+00,Client,ClientRead,idle,11
2026-09-28 08:03:27.389353+00,-,-,active,1
2026-09-28 08:03:37.631681+00,Client,ClientRead,idle,11
2026-09-28 08:03:37.631681+00,-,-,active,1
2026-09-28 08:03:47.835621+00,Client,ClientRead,idle,11
2026-09-28 08:03:47.835621+00,-,-,active,1
2026-09-28 08:03:58.069884+00,Client,ClientRead,idle,11
2026-09-28 08:03:58.069884+00,-,-,active,1
2026-09-28 08:04:08.285679+00,Client,ClientRead,idle,11
2026-09-28 08:04:08.285679+00,-,-,active,1
2026-09-28 08:04:18.509833+00,Client,ClientRead,idle,11
2026-09-28 08:04:18.509833+00,-,-,active,1
2026-09-28 08:04:28.755367+00,Client,ClientRead,idle,11
2026-09-28 08:04:28.755367+00,-,-,active,1
2026-09-28 08:04:38.979994+00,Client,ClientRead,idle,11
2026-09-28 08:04:38.979994+00,-,-,active,1
2026-09-28 08:04:49.269761+00,Client,ClientRead,idle,11
2026-09-28 08:04:49.269761+00,-,-,active,1
2026-09-28 08:04:59.478489+00,Client,ClientRead,idle,11
2026-09-28 08:04:59.478489+00,-,-,active,1
2026-09-28 08:05:09.672061+00,Client,ClientRead,idle,11
2026-09-28 08:05:09.672061+00,-,-,active,1
2026-09-28 08:05:19.981368+00,Client,ClientRead,idle,11
2026-09-28 08:05:19.981368+00,-,-,active,1
2026-09-28 08:05:30.238759+00,Client,ClientRead,idle,11
2026-09-28 08:05:30.238759+00,-,-,active,1
2026-09-28 08:05:40.527625+00,Client,ClientRead,idle,11
2026-09-28 08:05:40.527625+00,-,-,active,1
2026-09-28 08:05:50.791557+00,Client,ClientRead,idle,11
2026-09-28 08:05:50.791557+00,-,-,active,1
2026-09-28 08:06:01.071015+00,Client,ClientRead,idle,11
2026-09-28 08:06:01.071015+00,-,-,active,1
2026-09-28 08:06:11.376107+00,Client,ClientRead,idle,11
2026-09-28 08:06:11.376107+00,-,-,active,1
2026-09-28 08:06:21.671281+00,Client,ClientRead,idle,11
2026-09-28 08:06:21.671281+00,-,-,active,1
2026-09-28 08:06:31.910597+00,Client,ClientRead,idle,11
2026-09-28 08:06:31.910597+00,-,-,active,1
2026-09-28 08:06:42.123948+00,Client,ClientRead,idle,11
2026-09-28 08:06:42.123948+00,-,-,active,1
2026-09-28 08:06:52.456923+00,Client,ClientRead,idle,11
2026-09-28 08:06:52.456923+00,-,-,active,1
2026-09-28 08:07:02.792399+00,Client,ClientRead,idle,11
2026-09-28 08:07:02.792399+00,-,-,active,1
2026-09-28 08:07:13.031155+00,Client,ClientRead,idle,11
2026-09-28 08:07:13.031155+00,-,-,active,1
2026-09-28 08:07:23.279622+00,Client,ClientRead,idle,11
2026-09-28 08:07:23.279622+00,-,-,active,1
2026-09-28 08:07:33.485624+00,Client,ClientRead,idle,11
2026-09-28 08:07:33.485624+00,-,-,active,1
2026-09-28 08:07:43.697766+00,Client,ClientRead,idle,11
2026-09-28 08:07:43.697766+00,-,-,active,1
2026-09-28 08:07:53.898354+00,Client,ClientRead,idle,11
2026-09-28 08:07:53.898354+00,-,-,active,1
2026-09-28 08:08:04.12369+00,Client,ClientRead,idle,11
2026-09-28 08:08:04.12369+00,-,-,active,1
2026-09-28 08:08:14.326823+00,Client,ClientRead,idle,11
2026-09-28 08:08:14.326823+00,-,-,active,1
2026-09-28 08:08:24.540517+00,Client,ClientRead,idle,11
2026-09-28 08:08:24.540517+00,-,-,active,1
2026-09-28 08:08:34.78438+00,Client,ClientRead,idle,11
2026-09-28 08:08:34.78438+00,-,-,active,1
2026-09-28 08:08:44.98978+00,Client,ClientRead,idle,11
2026-09-28 08:08:44.98978+00,-,-,active,1
2026-09-28 08:08:55.192706+00,Client,ClientRead,idle,11
2026-09-28 08:08:55.192706+00,-,-,active,1
2026-09-28 08:09:05.444659+00,Client,ClientRead,idle,11
2026-09-28 08:09:05.444659+00,-,-,active,1
2026-09-28 08:09:15.680698+00,Client,ClientRead,idle,11
2026-09-28 08:09:15.680698+00,-,-,active,1
2026-09-28 08:09:25.918738+00,Client,ClientRead,idle,11
2026-09-28 08:09:25.918738+00,-,-,active,1
2026-09-28 08:09:36.171147+00,Client,ClientRead,idle,11
2026-09-28 08:09:36.171147+00,-,-,active,1
2026-09-28 08:09:46.417137+00,Client,ClientRead,idle,11
2026-09-28 08:09:46.417137+00,-,-,active,1
2026-09-28 08:09:56.651622+00,Client,ClientRead,idle,11
2026-09-28 08:09:56.651622+00,-,-,active,1
2026-09-28 08:10:06.897224+00,Client,ClientRead,idle,11
2026-09-28 08:10:06.897224+00,-,-,active,1
2026-09-28 08:10:17.094704+00,Client,ClientRead,idle,11
2026-09-28 08:10:17.094704+00,-,-,active,1
2026-09-28 08:10:27.323979+00,Client,ClientRead,idle,11
2026-09-28 08:10:27.323979+00,-,-,active,1
2026-09-28 08:10:37.534827+00,Client,ClientRead,idle,11
2026-09-28 08:10:37.534827+00,-,-,active,1
2026-09-28 08:10:47.772293+00,Client,ClientRead,idle,11
2026-09-28 08:10:47.772293+00,-,-,active,1
2026-09-28 08:10:57.965186+00,Client,ClientRead,idle,11
2026-09-28 08:10:57.965186+00,-,-,active,1
2026-09-28 08:11:08.180724+00,Client,ClientRead,idle,11
2026-09-28 08:11:08.180724+00,-,-,active,1
2026-09-28 08:11:18.395617+00,Client,ClientRead,idle,11
2026-09-28 08:11:18.395617+00,-,-,active,1
2026-09-28 08:11:28.57621+00,Client,ClientRead,idle,11
2026-09-28 08:11:28.57621+00,-,-,active,1
2026-09-28 08:11:38.828244+00,Client,ClientRead,idle,11
2026-09-28 08:11:38.828244+00,-,-,active,1
2026-09-28 08:11:49.194078+00,Client,ClientRead,idle,11
2026-09-28 08:11:49.194078+00,-,-,active,1
2026-09-28 08:11:59.465105+00,Client,ClientRead,idle,11
2026-09-28 08:11:59.465105+00,-,-,active,1
2026-09-28 08:12:09.664234+00,Client,ClientRead,idle,11
2026-09-28 08:12:09.664234+00,-,-,active,1
2026-09-28 08:12:19.925628+00,Client,ClientRead,idle,11
2026-09-28 08:12:19.925628+00,-,-,active,1
2026-09-28 08:12:30.177096+00,Client,ClientRead,idle,11
2026-09-28 08:12:30.177096+00,-,-,active,1
2026-09-28 08:12:40.412595+00,Client,ClientRead,idle,11
2026-09-28 08:12:40.412595+00,-,-,active,1
2026-09-28 08:12:50.626606+00,Client,ClientRead,idle,11
2026-09-28 08:12:50.626606+00,-,-,active,1
2026-09-28 08:13:00.882296+00,Client,ClientRead,idle,11
2026-09-28 08:13:00.882296+00,-,-,active,1
2026-09-28 08:13:11.093985+00,Client,ClientRead,idle,11
2026-09-28 08:13:11.093985+00,-,-,active,1
2026-09-28 08:13:21.295332+00,Client,ClientRead,idle,11
2026-09-28 08:13:21.295332+00,-,-,active,1
2026-09-28 08:13:31.487234+00,Client,ClientRead,idle,11
2026-09-28 08:13:31.487234+00,-,-,active,1
2026-09-28 08:13:41.736006+00,Client,ClientRead,idle,11
2026-09-28 08:13:41.736006+00,-,-,active,1
2026-09-28 08:13:51.944942+00,Client,ClientRead,idle,11
2026-09-28 08:13:51.944942+00,-,-,active,1
2026-09-28 08:14:02.28827+00,Client,ClientRead,idle,11
2026-09-28 08:14:02.28827+00,-,-,active,1
2026-09-28 08:14:12.578345+00,Client,ClientRead,idle,11
2026-09-28 08:14:12.578345+00,-,-,active,1
2026-09-28 08:14:22.799458+00,Client,ClientRead,idle,11
2026-09-28 08:14:22.799458+00,-,-,active,1
2026-09-28 08:14:33.042797+00,Client,ClientRead,idle,11
2026-09-28 08:14:33.042797+00,-,-,active,1
2026-09-28 08:14:43.272163+00,Client,ClientRead,idle,11
2026-09-28 08:14:43.272163+00,-,-,active,1
2026-09-28 08:14:53.466846+00,Client,ClientRead,idle,11
2026-09-28 08:14:53.466846+00,-,-,active,1
2026-09-28 08:15:03.684853+00,Client,ClientRead,idle,11
2026-09-28 08:15:03.684853+00,-,-,active,1
2026-09-28 08:15:13.936587+00,Client,ClientRead,idle,11
2026-09-28 08:15:13.936587+00,-,-,active,1
2026-09-28 08:15:24.167198+00,Client,ClientRead,idle,11
2026-09-28 08:15:24.167198+00,-,-,active,1
2026-09-28 08:15:34.450748+00,Client,ClientRead,idle,11
2026-09-28 08:15:34.450748+00,-,-,active,1
2026-09-28 08:15:44.666748+00,Client,ClientRead,idle,11
2026-09-28 08:15:44.666748+00,-,-,active,1
2026-09-28 08:15:54.965191+00,Client,ClientRead,idle,11
2026-09-28 08:15:54.965191+00,-,-,active,1
2026-09-28 08:16:05.330061+00,Client,ClientRead,idle,11
2026-09-28 08:16:05.330061+00,-,-,active,1
2026-09-28 08:16:15.52818+00,Client,ClientRead,idle,11
2026-09-28 08:16:15.52818+00,-,-,active,1
2026-09-28 08:16:25.735426+00,Client,ClientRead,idle,11
2026-09-28 08:16:25.735426+00,-,-,active,1
2026-09-28 08:16:35.950073+00,Client,ClientRead,idle,11
2026-09-28 08:16:35.950073+00,-,-,active,1
2026-09-28 08:16:46.14666+00,Client,ClientRead,idle,11
2026-09-28 08:16:46.14666+00,-,-,active,1
2026-09-28 08:16:56.355656+00,Client,ClientRead,idle,11
2026-09-28 08:16:56.355656+00,-,-,active,1
2026-09-28 08:17:06.620831+00,Client,ClientRead,idle,11
2026-09-28 08:17:06.620831+00,-,-,active,1
2026-09-28 08:17:16.843265+00,Client,ClientRead,idle,11
2026-09-28 08:17:16.843265+00,-,-,active,1
2026-09-28 08:17:27.057769+00,Client,ClientRead,idle,11
2026-09-28 08:17:27.057769+00,-,-,active,1
2026-09-28 08:17:37.315423+00,Client,ClientRead,idle,11
2026-09-28 08:17:37.315423+00,-,-,active,1
2026-09-28 08:17:47.537964+00,Client,ClientRead,idle,11
2026-09-28 08:17:47.537964+00,-,-,active,1
2026-09-28 08:17:57.766442+00,Client,ClientRead,idle,11
2026-09-28 08:17:57.766442+00,-,-,active,1
2026-09-28 08:18:07.966946+00,Client,ClientRead,idle,11
2026-09-28 08:18:07.966946+00,-,-,active,1
2026-09-28 08:18:18.176896+00,Client,ClientRead,idle,11
2026-09-28 08:18:18.176896+00,-,-,active,1
2026-09-28 08:18:28.441988+00,Client,ClientRead,idle,11
2026-09-28 08:18:28.441988+00,-,-,active,1
2026-09-28 08:18:38.661883+00,Client,ClientRead,idle,11
2026-09-28 08:18:38.661883+00,-,-,active,1
2026-09-28 08:18:48.887088+00,Client,ClientRead,idle,11
2026-09-28 08:18:48.887088+00,-,-,active,1
2026-09-28 08:18:59.087542+00,Client,ClientRead,idle,11
2026-09-28 08:18:59.087542+00,-,-,active,1
2026-09-28 08:19:09.297179+00,Client,ClientRead,idle,11
2026-09-28 08:19:09.297179+00,-,-,active,1
2026-09-28 08:19:19.548272+00,Client,ClientRead,idle,11
2026-09-28 08:19:19.548272+00,-,-,active,1
2026-09-28 08:19:29.789635+00,Client,ClientRead,idle,11
2026-09-28 08:19:29.789635+00,-,-,active,1
2026-09-28 08:19:40.012368+00,Client,ClientRead,idle,11
2026-09-28 08:19:40.012368+00,-,-,active,1
2026-09-28 08:19:50.198251+00,Client,ClientRead,idle,11
2026-09-28 08:19:50.198251+00,-,-,active,1
2026-09-28 08:20:00.437843+00,Client,ClientRead,idle,11
2026-09-28 08:20:00.437843+00,-,-,active,1
2026-09-28 08:20:10.655154+00,Client,ClientRead,idle,11
2026-09-28 08:20:10.655154+00,-,-,active,1
2026-09-28 08:20:20.86726+00,Client,ClientRead,idle,11
2026-09-28 08:20:20.86726+00,-,-,active,1
2026-09-28 08:20:31.064519+00,Client,ClientRead,idle,11
2026-09-28 08:20:31.064519+00,-,-,active,1
2026-09-28 08:20:41.273133+00,Client,ClientRead,idle,11
2026-09-28 08:20:41.273133+00,-,-,active,1
2026-09-28 08:20:51.4829+00,Client,ClientRead,idle,11
2026-09-28 08:20:51.4829+00,-,-,active,1
2026-09-28 08:21:01.971868+00,Client,ClientRead,idle,11
2026-09-28 08:21:01.971868+00,-,-,active,1
2026-09-28 08:21:12.197879+00,Client,ClientRead,idle,11
2026-09-28 08:21:12.197879+00,-,-,active,1
2026-09-28 08:21:22.405976+00,Client,ClientRead,idle,11
2026-09-28 08:21:22.405976+00,-,-,active,1
2026-09-28 08:21:32.607951+00,Client,ClientRead,idle,11
2026-09-28 08:21:32.607951+00,-,-,active,1
2026-09-28 08:21:42.832622+00,Client,ClientRead,idle,11
2026-09-28 08:21:42.832622+00,-,-,active,1
2026-09-28 08:21:53.101823+00,Client,ClientRead,idle,11
2026-09-28 08:21:53.101823+00,-,-,active,1
2026-09-28 08:22:03.376047+00,Client,ClientRead,idle,11
2026-09-28 08:22:03.376047+00,-,-,active,1
2026-09-28 08:22:13.636847+00,Client,ClientRead,idle,11
2026-09-28 08:22:13.636847+00,-,-,active,1
2026-09-28 08:22:23.856443+00,Client,ClientRead,idle,11
2026-09-28 08:22:23.856443+00,-,-,active,1
2026-09-28 08:22:34.055906+00,Client,ClientRead,idle,11
2026-09-28 08:22:34.055906+00,-,-,active,1
2026-09-28 08:22:44.291298+00,Client,ClientRead,idle,11
2026-09-28 08:22:44.291298+00,-,-,active,1
2026-09-28 08:22:54.498057+00,Client,ClientRead,idle,11
2026-09-28 08:22:54.498057+00,-,-,active,1
2026-09-28 08:23:04.779575+00,Client,ClientRead,idle,11
2026-09-28 08:23:04.779575+00,-,-,active,1
2026-09-28 08:23:04.779575+00,-,-,idle,1
2026-09-28 08:23:14.987044+00,Client,ClientRead,idle,11
2026-09-28 08:23:14.987044+00,-,-,active,1
2026-09-28 08:23:25.239052+00,Client,ClientRead,idle,11
2026-09-28 08:23:25.239052+00,-,-,active,1
2026-09-28 08:23:35.445103+00,Client,ClientRead,idle,11
2026-09-28 08:23:35.445103+00,-,-,active,1
2026-09-28 08:23:45.645236+00,Client,ClientRead,idle,11
2026-09-28 08:23:45.645236+00,-,-,active,1
2026-09-28 08:23:55.854074+00,Client,ClientRead,idle,11
2026-09-28 08:23:55.854074+00,-,-,active,1
2026-09-28 08:24:06.042312+00,Client,ClientRead,idle,11
2026-09-28 08:24:06.042312+00,-,-,active,1
2026-09-28 08:24:16.250912+00,Client,ClientRead,idle,11
2026-09-28 08:24:16.250912+00,-,-,active,1
2026-09-28 08:24:26.445619+00,Client,ClientRead,idle,11
2026-09-28 08:24:26.445619+00,-,-,active,1
2026-09-28 08:24:36.693141+00,Client,ClientRead,idle,11
2026-09-28 08:24:36.693141+00,-,-,active,1
2026-09-28 08:24:46.876992+00,Client,ClientRead,idle,11
2026-09-28 08:24:46.876992+00,-,-,active,1
2026-09-28 08:24:57.085627+00,Client,ClientRead,idle,11
2026-09-28 08:24:57.085627+00,-,-,active,1
2026-09-28 08:25:07.286816+00,Client,ClientRead,idle,11
2026-09-28 08:25:07.286816+00,-,-,active,1
2026-09-28 08:25:17.51518+00,Client,ClientRead,idle,11
2026-09-28 08:25:17.51518+00,-,-,active,1
2026-09-28 08:25:27.75519+00,Client,ClientRead,idle,11
2026-09-28 08:25:27.75519+00,-,-,active,1
2026-09-28 08:25:37.954733+00,Client,ClientRead,idle,11
2026-09-28 08:25:37.954733+00,-,-,active,1
2026-09-28 08:25:48.174554+00,Client,ClientRead,idle,11
2026-09-28 08:25:48.174554+00,-,-,active,1
2026-09-28 08:25:58.389614+00,Client,ClientRead,idle,11
2026-09-28 08:25:58.389614+00,-,-,active,1
2026-09-28 08:26:08.594251+00,Client,ClientRead,idle,11
2026-09-28 08:26:08.594251+00,-,-,active,1
2026-09-28 08:26:18.855112+00,Client,ClientRead,idle,11
2026-09-28 08:26:18.855112+00,-,-,active,1
2026-09-28 08:26:29.07401+00,Client,ClientRead,idle,11
2026-09-28 08:26:29.07401+00,-,-,active,1
2026-09-28 08:26:39.322159+00,Client,ClientRead,idle,11
2026-09-28 08:26:39.322159+00,-,-,active,1
2026-09-28 08:26:49.542703+00,Client,ClientRead,idle,11
2026-09-28 08:26:49.542703+00,-,-,active,1
2026-09-28 08:26:59.794523+00,Client,ClientRead,idle,11
2026-09-28 08:26:59.794523+00,-,-,active,1
2026-09-28 08:27:10.038882+00,Client,ClientRead,idle,11
2026-09-28 08:27:10.038882+00,-,-,active,1
2026-09-28 08:27:20.26857+00,Client,ClientRead,idle,11
2026-09-28 08:27:20.26857+00,-,-,active,1
2026-09-28 08:27:30.483268+00,Client,ClientRead,idle,11
2026-09-28 08:27:30.483268+00,-,-,active,1
2026-09-28 08:27:40.714238+00,Client,ClientRead,idle,11
2026-09-28 08:27:40.714238+00,-,-,active,1
2026-09-28 08:27:50.933628+00,Client,ClientRead,idle,11
2026-09-28 08:27:50.933628+00,-,-,active,1
2026-09-28 08:28:01.181625+00,Client,ClientRead,idle,11
2026-09-28 08:28:01.181625+00,-,-,active,1
2026-09-28 08:28:11.377171+00,Client,ClientRead,idle,11
2026-09-28 08:28:11.377171+00,-,-,active,1
2026-09-28 08:28:21.60352+00,Client,ClientRead,idle,11
2026-09-28 08:28:21.60352+00,-,-,active,1
2026-09-28 08:28:31.816237+00,Client,ClientRead,idle,11
2026-09-28 08:28:31.816237+00,-,-,active,1
2026-09-28 08:28:42.026857+00,Client,ClientRead,idle,11
2026-09-28 08:28:42.026857+00,-,-,active,1
