2026-09-30 13:11:49.889759+00,Client,ClientRead,idle,11
2026-09-30 13:11:49.889759+00,-,-,active,1
2026-09-30 13:12:00.179128+00,Client,ClientRead,idle,10
2026-09-30 13:12:00.179128+00,-,-,active,1
2026-09-30 13:12:00.179128+00,Client,ClientRead,idle in transaction,1
2026-09-30 13:12:10.48072+00,Client,ClientRead,idle,10
2026-09-30 13:12:10.48072+00,-,-,active,1
2026-09-30 13:12:10.48072+00,Client,ClientRead,idle in transaction,1
2026-09-30 13:12:20.73012+00,Client,ClientRead,idle,11
2026-09-30 13:12:20.73012+00,-,-,active,1
2026-09-30 13:12:30.970094+00,Client,ClientRead,idle,11
2026-09-30 13:12:30.970094+00,-,-,active,1
2026-09-30 13:12:41.198561+00,Client,ClientRead,idle,11
2026-09-30 13:12:41.198561+00,-,-,active,1
2026-09-30 13:12:51.432428+00,Client,ClientRead,idle,11
2026-09-30 13:12:51.432428+00,-,-,active,1
2026-09-30 13:13:01.881983+00,Client,ClientRead,idle,11
2026-09-30 13:13:01.881983+00,-,-,active,1
2026-09-30 13:13:12.147454+00,Client,ClientRead,idle,11
2026-09-30 13:13:12.147454+00,-,-,active,1
2026-09-30 13:13:22.467114+00,Client,ClientRead,idle,10
2026-09-30 13:13:22.467114+00,-,-,active,1
2026-09-30 13:13:22.467114+00,IO,WALSync,active,1
2026-09-30 13:13:32.727433+00,Client,ClientRead,idle,10
2026-09-30 13:13:32.727433+00,-,-,active,1
2026-09-30 13:13:32.727433+00,Client,ClientRead,idle in transaction,1
2026-09-30 13:13:43.01032+00,Client,ClientRead,idle,11
2026-09-30 13:13:43.01032+00,-,-,active,1
2026-09-30 13:13:53.289519+00,Client,ClientRead,idle,10
2026-09-30 13:13:53.289519+00,-,-,active,1
2026-09-30 13:13:53.289519+00,-,-,idle in transaction,1
2026-09-30 13:14:03.69933+00,Client,ClientRead,idle,9
2026-09-30 13:14:03.69933+00,Client,ClientRead,idle in transaction,2
2026-09-30 13:14:03.69933+00,-,-,active,1
2026-09-30 13:14:13.996782+00,Client,ClientRead,idle,11
2026-09-30 13:14:13.996782+00,-,-,active,1
2026-09-30 13:14:24.30991+00,Client,ClientRead,idle,11
2026-09-30 13:14:24.30991+00,-,-,active,1
2026-09-30 13:14:34.621771+00,Client,ClientRead,idle,10
2026-09-30 13:14:34.621771+00,-,-,active,1
2026-09-30 13:14:34.621771+00,Client,ClientRead,idle in transaction,1
2026-09-30 13:14:44.879504+00,Client,ClientRead,idle,10
2026-09-30 13:14:44.879504+00,-,-,active,1
2026-09-30 13:14:44.879504+00,Client,ClientRead,idle in transaction,1
2026-09-30 13:14:55.159651+00,Client,ClientRead,idle,10
2026-09-30 13:14:55.159651+00,-,-,active,1
2026-09-30 13:14:55.159651+00,-,-,idle in transaction,1
2026-09-30 13:15:05.593204+00,Client,ClientRead,idle,11
2026-09-30 13:15:05.593204+00,-,-,active,1
2026-09-30 13:15:15.87034+00,Client,ClientRead,idle,11
2026-09-30 13:15:15.87034+00,-,-,active,1
2026-09-30 13:15:26.149051+00,Client,ClientRead,idle,10
2026-09-30 13:15:26.149051+00,-,-,active,1
2026-09-30 13:15:26.149051+00,IO,WALSync,active,1
2026-09-30 13:15:36.430184+00,Client,ClientRead,idle,10
2026-09-30 13:15:36.430184+00,-,-,active,1
2026-09-30 13:15:36.430184+00,-,-,idle in transaction,1
2026-09-30 13:15:46.737116+00,Client,ClientRead,idle,11
2026-09-30 13:15:46.737116+00,-,-,active,1
2026-09-30 13:15:56.999125+00,Client,ClientRead,idle,9
2026-09-30 13:15:56.999125+00,-,-,active,2
2026-09-30 13:15:56.999125+00,IO,WALSync,active,1
2026-09-30 13:16:07.340968+00,Client,ClientRead,idle,11
2026-09-30 13:16:07.340968+00,-,-,active,2
2026-09-30 13:16:17.586951+00,Client,ClientRead,idle,11
2026-09-30 13:16:17.586951+00,-,-,active,1
